<?xml version="1.0" encoding="UTF-8"?>
<!DOCTYPE mapper PUBLIC "-//mybatis.org//DTD Mapper 3.0//EN" "http://mybatis.org/dtd/mybatis-3-mapper.dtd">
<mapper namespace="com.kingso.ecommerce.module.goodsCategory.mapper.GoodsCategoryMapper">

    <!-- 通用结果集映射（移除所有 <id>、<result> 标签的 comment 属性，用XML注释备注） -->
    <resultMap id="GoodsCategoryResultMap" type="com.kingso.ecommerce.module.goodsCategory.entity.GoodsCategory">
        <id column="id" property="id"/> 
        <result column="category_name" property="categoryName"/> 
        <result column="parent_id" property="parentId"/>
        <result column="sort" property="sort"/> 
        <result column="status" property="status"/> 
    </resultMap>

    <!-- 分页查询分类列表-->
    <select id="selectCategoryPage" resultMap="GoodsCategoryResultMap">
        SELECT id, category_name, parent_id, sort, status
        FROM tb_goods_category
        <where>
            <if test="categoryName != null and categoryName != ''">
                AND category_name LIKE CONCAT('%', #{categoryName}, '%')
            </if>
        </where>
        ORDER BY sort ASC, id DESC
        LIMIT #{offset}, #{pageSize}
    </select>

    <!-- 查询分类总条数 -->
    <select id="selectCategoryTotal" resultType="java.lang.Long">
        SELECT COUNT(*)
        FROM tb_goods_category
        <where>
            <if test="categoryName != null and categoryName != ''">
                AND category_name LIKE CONCAT('%', #{categoryName}, '%')
            </if>
        </where>
    </select>

    <!-- 新增分类 -->
    <insert id="insertCategory" parameterType="com.kingso.ecommerce.module.goodsCategory.dto.GoodsCategoryAddDTO">
        INSERT INTO tb_goods_category (
            category_name,
            parent_id,
            sort,
            status
        ) VALUES (
            #{categoryName},
            #{parentId},
            #{sort},
            #{status}
        )
    </insert>

    <!-- 编辑分类 -->
    <update id="updateCategory" parameterType="com.kingso.ecommerce.module.goodsCategory.dto.GoodsCategoryUpdateDTO">
        UPDATE tb_goods_category
        <set>
            category_name = #{categoryName},
            parent_id = #{parentId},
            sort = #{sort},
            status = #{status}
        </set>
        WHERE id = #{id}
    </update>

    <!-- 删除分类 -->
    <delete id="deleteCategory" parameterType="com.kingso.ecommerce.module.goodsCategory.dto.GoodsCategoryDeleteDTO">
        DELETE FROM tb_goods_category WHERE id = #{id}
    </delete>

    <!-- 根据ID查询分类 -->
    <select id="selectCategoryById" resultMap="GoodsCategoryResultMap">
        SELECT id, category_name, parent_id, sort, status
        FROM tb_goods_category
        WHERE id = #{id}
    </select>

    <!-- 查询子分类数量 -->
    <select id="countChildCategory" resultType="java.lang.Integer">
        SELECT COUNT(*) FROM tb_goods_category WHERE parent_id = #{parentId}
    </select>

</mapper>