<?xml version="1.0" encoding="UTF-8"?>
<!DOCTYPE mapper PUBLIC "-//mybatis.org//DTD Mapper 3.0//EN" "http://mybatis.org/dtd/mybatis-3-mapper.dtd">

<mapper namespace="com.kingso.ecommerce.module.userFront.mapper.UserFrontMapper">

    <insert id="insertUser" parameterType="com.kingso.ecommerce.module.userFront.dto.UserRegisterDTO">
        INSERT INTO tb_user (
            username,
            password,
            phone,
            nickname,
            avatar,
            user_type,
            status,
            create_time,
            update_time
        ) VALUES (
            #{username},
            #{password},
            #{phone},
            #{nickname},
            #{avatar, jdbcType=VARCHAR},
            1,
            1, <!-- 启用状态，与Service一致 -->
            NOW(),
            NOW()
        )
    </insert>


    <select id="selectUserByUsername" parameterType="java.lang.String" resultType="com.kingso.ecommerce.module.userAdmin.entity.User">
        SELECT * FROM tb_user 
        WHERE username = #{username} 
        AND user_type = 1 <!-- 只查前台普通用户，与Service一致 -->
    </select>

    <select id="selectUserByPhone" parameterType="java.lang.String" resultType="com.kingso.ecommerce.module.userAdmin.entity.User">
        SELECT * FROM tb_user 
        WHERE phone = #{phone}
        AND user_type = 1 <!-- 只查前台普通用户，与Service一致 -->
    </select>

    <update id="updateUserSelf" parameterType="com.kingso.ecommerce.module.userFront.dto.UserUpdateSelfDTO">
        UPDATE tb_user
        <set>
            <if test="username != null">username = #{username},</if>
            <if test="password != null">password = #{password},</if>
            <if test="phone != null">phone = #{phone},</if>
            <if test="email != null">email = #{email},</if>
            <if test="avatar != null">avatar = #{avatar},</if>
            <if test="status != null">status = #{status},</if>
            <if test="nickname != null">nickname = #{nickname},</if>
            update_time = NOW()
        </set>
        WHERE id = #{id} and user_type = 1 <!-- 只更新前台普通用户 -->
    </update>

    <select id="selectUserById" parameterType="java.lang.Long" resultType="com.kingso.ecommerce.module.userAdmin.entity.User">
        SELECT * FROM tb_user 
        WHERE id = #{userId} 
        AND user_type = 1 <!-- 只查前台普通用户 -->
    </select>

    <select id="selectPage" parameterType="com.kingso.ecommerce.module.userFront.dto.UserFrontQueryDTO" resultType="com.kingso.ecommerce.module.userAdmin.entity.User">
        SELECT * FROM tb_user 
        <where>
            user_type = 1 <!-- 只查前台普通用户，固定条件 -->
            <if test="username != null and username != ''">
                AND username LIKE CONCAT('%', #{username}, '%')
            </if>
            <if test="phone != null and phone != ''">
                AND phone LIKE CONCAT('%', #{phone}, '%')
            </if>
            <if test="nickname != null and nickname != ''">
                AND nickname LIKE CONCAT('%', #{nickname}, '%')
            </if>
            <if test="status != null">
                AND status = #{status}
            </if>
        </where>
        ORDER BY create_time DESC
        LIMIT #{pageNum}, #{pageSize} 
    </select>

    <select id="selectTotal" parameterType="com.kingso.ecommerce.module.userFront.dto.UserFrontQueryDTO" resultType="java.lang.Integer">
        SELECT COUNT(*) FROM tb_user <!-- 统一表名：t_user（原tb_user） -->
        <where>
            user_type = 1 <!-- 只查前台普通用户，固定条件 -->
            <if test="username != null and username != ''">
                AND username LIKE CONCAT('%', #{username}, '%')
            </if>
            <if test="phone != null and phone != ''">
                AND phone LIKE CONCAT('%', #{phone}, '%')
            </if>
            <if test="nickname != null and nickname != ''">
                AND nickname LIKE CONCAT('%', #{nickname}, '%')
            </if>
            <if test="status != null">
                AND status = #{status}
            </if>
        </where>
    </select>
</mapper>