<?xml version="1.0" encoding="UTF-8" ?>
<!DOCTYPE mapper
        PUBLIC "-//mybatis.org//DTD Mapper 3.0//EN"
        "http://mybatis.org/dtd/mybatis-3-mapper.dtd">

<mapper namespace="com.kingso.ecommerce.module.goodsFront.mapper.GoodsFrontMapper">

    <resultMap id="GoodsFrontResultMap" type="com.kingso.ecommerce.module.goodsFront.entity.GoodsFront">
        <id column="id" property="id" />
        <result column="goods_id" property="goodsId" />
        <result column="goods_name" property="goodsName" />
        <result column="goods_price" property="goodsPrice" />
        <result column="stock" property="stock" />
        <result column="category_id" property="categoryId" />
        <result column="goods_img" property="goodsImg" />
        <result column="status" property="status" />
        <result column="create_time" property="createTime" />
        <result column="update_time" property="updateTime" />
        <result column="bar_code" property="barCode" />
        <result column="stock_num" property="stockNum" />
        <result column="warehouse_id" property="warehouseId" />
        <result column="warehouse_name" property="warehouseName" />
        <result column="warehouse_area" property="warehouseArea" />
    </resultMap>

    <select id="getGoodsList" 
            parameterType="com.kingso.ecommerce.module.goodsFront.dto.GoodsFrontQueryDTO" 
            resultMap="GoodsFrontResultMap">
        <![CDATA[
        SELECT 
            s.id,
            g.id AS goods_id,
            g.goods_name,
            g.goods_price,
            g.stock,
            g.category_id,
            g.goods_img,
            g.status,
            g.create_time,
            s.update_time,
            g.bar_code,
            s.stock_num,
            s.warehouse_id,
            s.warehouse_area,
            w.warehouse_name -- 新增：取出仓库名称
        FROM tb_stock s
        INNER JOIN tb_goods g ON s.goods_id = g.id
        LEFT JOIN warehouse_dict w ON s.warehouse_id = w.id -- 新增：关联仓库字典表
        WHERE 1=1
        ]]>
        
        <if test="goodsName != null and goodsName.trim() != ''">
            <![CDATA[ AND g.goods_name LIKE CONCAT('%', #{goodsName}, '%') ]]>
        </if>
        
        <if test="minPrice != null">
            <![CDATA[ AND g.goods_price >= #{minPrice} ]]>
        </if>
        
        <if test="maxPrice != null">
            <![CDATA[ AND g.goods_price <= #{maxPrice} ]]>
        </if>
        
        <if test="categoryId != null">
            <![CDATA[ AND g.category_id = #{categoryId} ]]>
        </if>
        
        <if test="status != null">
            <![CDATA[ AND g.status = #{status} ]]>
        </if>
        
        <if test="barCode != null and barCode.trim() != ''">
            <![CDATA[ AND g.bar_code LIKE CONCAT('%', #{barCode}, '%') ]]>
        </if>

        <if test="stockNum != null">
            <![CDATA[ AND s.stock_num = #{stockNum} ]]>
        </if>

        <if test="warehouseId != null">
            <![CDATA[ AND s.warehouse_id = #{warehouseId} ]]>
        </if>

        <if test="warehouseArea != null and warehouseArea.trim() != ''">
            <![CDATA[ AND s.warehouse_area LIKE CONCAT('%', #{warehouseArea}, '%') ]]>
        </if>

        <if test="offset != null and pageSize != null and offset >= 0 and pageSize > 0">
            <![CDATA[ LIMIT #{offset}, #{pageSize} ]]>
        </if>
    </select>

    <!-- 商品总数统计：同步关联 warehouse_dict，保持查询条件一致性 -->
    <select id="getGoodsTotal" 
            parameterType="com.kingso.ecommerce.module.goodsFront.dto.GoodsFrontQueryDTO" 
            resultType="java.lang.Long">
        <![CDATA[
        SELECT COUNT(*) 
        FROM tb_stock s
        INNER JOIN tb_goods g ON s.goods_id = g.id
        LEFT JOIN warehouse_dict w ON s.warehouse_id = w.id -- 新增：关联仓库字典表（与列表查询一致）
        WHERE 1=1
        ]]>
        
        <if test="goodsName != null and goodsName.trim() != ''">
            <![CDATA[ AND g.goods_name LIKE CONCAT('%', #{goodsName}, '%') ]]>
        </if>
        
        <if test="minPrice != null">
            <![CDATA[ AND g.goods_price >= #{minPrice} ]]>
        </if>
        
        <if test="maxPrice != null">
            <![CDATA[ AND g.goods_price <= #{maxPrice} ]]>
        </if>
        
        <if test="categoryId != null">
            <![CDATA[ AND g.category_id = #{categoryId} ]]>
        </if>
        
        <if test="status != null">
            <![CDATA[ AND g.status = #{status} ]]>
        </if>

        <if test="barCode != null and barCode.trim() != ''">
            <![CDATA[ AND g.bar_code LIKE CONCAT('%', #{barCode}, '%') ]]>
        </if>

        <if test="stockNum != null">
            <![CDATA[ AND s.stock_num = #{stockNum} ]]>
        </if>

        <if test="warehouseId != null">
            <![CDATA[ AND s.warehouse_id = #{warehouseId} ]]>
        </if>

        <if test="warehouseArea != null and warehouseArea.trim() != ''">
            <![CDATA[ AND s.warehouse_area LIKE CONCAT('%', #{warehouseArea}, '%') ]]>
        </if>
    </select>

</mapper>

