<?xml version="1.0" encoding="UTF-8" ?>
<!DOCTYPE mapper
        PUBLIC "-//mybatis.org//DTD Mapper 3.0//EN"
        "http://mybatis.org/dtd/mybatis-3-mapper.dtd">

<mapper namespace="com.kingso.ecommerce.module.goods.mapper.GoodsMapper">

    <!-- 结果映射：下划线转驼峰，统一字段映射规则 -->
    <resultMap id="GoodsResultMap" type="com.kingso.ecommerce.module.goods.entity.Goods">
        <id column="id" property="id" /> <!-- 主键映射 -->
        <result column="goods_name" property="goodsName" /> 
        <result column="goods_price" property="goodsPrice" />
        <result column="stock" property="stock" /> 
        <result column="category_id" property="categoryId" />
        <result column="goods_img" property="goodsImg" />
        <result column="status" property="status" /> 
        <result column="create_time" property="createTime" />
        <result column="update_time" property="updateTime" /> 
    </resultMap>

    <!-- 新增商品：useGeneratedKeys获取自增ID，keyProperty绑定实体ID字段 -->
    <insert id="addGoods" 
            parameterType="com.kingso.ecommerce.module.goods.entity.Goods"
            useGeneratedKeys="true" 
            keyProperty="id">
        <!-- CDATA包裹整段SQL，避免XML解析特殊字符（如()、,） -->
        <![CDATA[
        INSERT INTO tb_goods (
            goods_name, goods_price, stock, category_id, 
            goods_img, status, create_time, update_time,bar_code
        ) VALUES (
            #{goodsName}, #{goodsPrice}, #{stock}, #{categoryId}, 
            #{goodsImg}, #{status}, NOW(), NOW(),#{barCode}
            
        )
        ]]>
    </insert>

    <!-- 根据ID查询商品：单主键查询，结果映射复用GoodsResultMap -->
    <select id="getGoodsById" 
            parameterType="java.lang.Long" 
            resultMap="GoodsResultMap">
        <![CDATA[
        SELECT 
            id, goods_name, goods_price, stock, category_id, 
            goods_img, status, create_time, update_time, bar_code
        FROM tb_goods 
        WHERE id = #{id}
        ]]>
    </select>

    <!-- 分页查询商品列表：动态条件+分页，全量CDATA包裹避免特殊字符 -->
    <select id="getGoodsList" 
            parameterType="com.kingso.ecommerce.module.goods.dto.GoodsQueryDTO" 
            resultMap="GoodsResultMap">
        <![CDATA[
        SELECT 
            id, goods_name, goods_price, stock, category_id, 
            goods_img, status, create_time, update_time, bar_code
        FROM tb_goods 
        WHERE 1=1
        ]]>
        
        <!-- 商品名称模糊查询：非空校验 -->
        <if test="goodsName != null and goodsName.trim() != ''">
            <![CDATA[ AND goods_name LIKE CONCAT('%', #{goodsName}, '%') ]]>
        </if>
        
        <if test="minPrice != null">
            <![CDATA[ AND goods_price >= #{minPrice} ]]>
        </if>
        
        
        <if test="maxPrice != null">
            <![CDATA[ AND goods_price <= #{maxPrice} ]]>
        </if>
        
        <!-- 分类ID筛选：非空+>0 -->
        <if test="categoryId != null and categoryId > 0">
            <![CDATA[ AND category_id = #{categoryId} ]]>
        </if>
        
        <!-- 商品状态筛选：非空（0/1） -->
        <if test="status != null">
            <![CDATA[ AND status = #{status} ]]>
        </if>

        <if test="barCode != null and barCode.trim() != ''">
            <![CDATA[ AND bar_code LIKE CONCAT('%', #{barCode}, '%') ]]>
        </if>

        <!-- 分页条件：offset≥0 + pageSize>0（避免无效分页） -->
        <if test="offset != null and pageSize != null and offset >= 0 and pageSize > 0">
            <![CDATA[ LIMIT #{offset}, #{pageSize} ]]>
        </if>
    </select>

    <!-- 分页查询总数：与列表查询条件完全一致，确保总数准确 -->
    <select id="getGoodsTotal" 
            parameterType="com.kingso.ecommerce.module.goods.dto.GoodsQueryDTO" 
            resultType="java.lang.Long">
        <![CDATA[
        SELECT COUNT(*) 
        FROM tb_goods 
        WHERE 1=1
        ]]>
        
        <if test="goodsName != null and goodsName.trim() != ''">
            <![CDATA[ AND goods_name LIKE CONCAT('%', #{goodsName}, '%') ]]>
        </if>
        
        <if test="minPrice != null">
            <![CDATA[ AND goods_price >= #{minPrice} ]]>
        </if>
        
        
        <if test="maxPrice != null ">
            <![CDATA[ AND goods_price <= #{maxPrice} ]]>
        </if>
        
        <if test="categoryId != null and categoryId > 0">
            <![CDATA[ AND category_id = #{categoryId} ]]>
        </if>
        
        <if test="status != null">
            <![CDATA[ AND status = #{status} ]]>
        </if>

        <if test="barCode != null and barCode.trim() != ''">
            <![CDATA[ AND bar_code LIKE CONCAT('%', #{barCode}, '%') ]]>
        </if>

    </select>

    <!-- 更新商品，动态SET+ID参数绑定，避免更新空值 -->
    <update id="updateGoods">
        UPDATE tb_goods 
        <set>
            goods_name = #{dto.goodsName},
            goods_price = #{dto.goodsPrice},
            stock = #{dto.stock},
            category_id = #{dto.categoryId},
            goods_img = #{dto.goodsImg},
            status = #{dto.status},
            update_time = NOW(),bar_code = #{dto.barCode}
        </set>
        WHERE id = #{id}
    </update>

    <!-- 更新商品状态：单独拆分，简化状态更新逻辑 -->
    <update id="updateGoodsStatus">
        <![CDATA[
        UPDATE tb_goods 
        SET 
            status = #{status},
            update_time = NOW()
        WHERE id = #{id}
        ]]>
    </update>

    <!-- 删除商品：单主键删除，谨慎操作 -->
    <delete id="deleteGoods" parameterType="java.lang.Long">
        <![CDATA[
        DELETE FROM tb_goods 
        WHERE id = #{id}
        ]]>
    </delete>

    <select id="selectByBarcode" resultMap="GoodsResultMap">
        SELECT 
            id, goods_name, goods_price, stock, category_id, 
            goods_img, status, create_time, update_time, bar_code
        FROM tb_goods 
        WHERE bar_code = #{barcode} 
        AND status = 1 
    </select>
    <select id="selectById" 
            parameterType="java.lang.Long" 
            resultMap="GoodsResultMap">
        <![CDATA[
        SELECT 
            id, goods_name, goods_price, stock, category_id, 
            goods_img, status, create_time, update_time, bar_code
        FROM tb_goods 
        WHERE id = #{id}
        ]]>
    </select>
</mapper>