<?xml version="1.0" encoding="UTF-8"?>
<!DOCTYPE mapper PUBLIC "-//mybatis.org//DTD Mapper 3.0//EN" "http://mybatis.org/dtd/mybatis-3-mapper.dtd">
<mapper namespace="com.kingso.ecommerce.module.warehouse.mapper.WarehouseMapper">

    <resultMap id="BaseResultMap" type="com.kingso.ecommerce.module.warehouse.entity.Warehouse">
        <id column="id" property="id"/>
        <result column="warehouse_name" property="warehouseName"/>
        <result column="warehouse_type" property="warehouseType"/>
        <result column="warehouse_address" property="warehouseAddress"/>
        <result column="warehouse_area" property="warehouseArea"/>
        <result column="cooperation_company" property="cooperationCompany"/>
        <result column="customs_id" property="customsId"/>
        <result column="customs_area_name" property="customsAreaName"/>
        <result column="enable_status" property="enableStatus"/>
        <result column="create_time" property="createTime"/>
        <result column="stop_time" property="stopTime"/>
        <result column="update_time" property="updateTime"/>
    </resultMap>

    <insert id="insert" parameterType="com.kingso.ecommerce.module.warehouse.entity.Warehouse">
        INSERT INTO warehouse_dict (
            warehouse_name,
            warehouse_type,
            warehouse_address,
            warehouse_area,
            cooperation_company,
            customs_id,
            customs_area_name,
            enable_status,
            create_time,
            update_time
        ) VALUES (
            #{warehouseName},
            #{warehouseType},
            #{warehouseAddress},
            #{warehouseArea},
            #{cooperationCompany},
            #{customsId},
            #{customsAreaName},
            #{enableStatus},
            NOW(),
            NOW()
        )
    </insert>

    <update id="updateById" parameterType="com.kingso.ecommerce.module.warehouse.entity.Warehouse">
        UPDATE warehouse_dict
        <set>
            <if test="warehouseName != null">warehouse_name = #{warehouseName},</if>
            <if test="warehouseType != null">warehouse_type = #{warehouseType},</if>
            <if test="warehouseAddress != null">warehouse_address = #{warehouseAddress},</if>
            <if test="warehouseArea != null">warehouse_area = #{warehouseArea},</if>
            <if test="cooperationCompany != null">cooperation_company = #{cooperationCompany},</if>
            <if test="customsId != null">customs_id = #{customsId},</if>
            <if test="customsAreaName != null">customs_area_name = #{customsAreaName},</if>
            <if test="enableStatus != null">
                enable_status = #{enableStatus},
                <if test="enableStatus == 0 and stopTime == null">stop_time = NOW(),</if>
            </if>
            update_time = NOW()
        </set>
        WHERE id = #{id}
    </update>

    <!-- 根据ID删除仓库：适配warehouse_dict表 -->
    <delete id="deleteById" parameterType="java.lang.Long">
        DELETE FROM warehouse_dict WHERE id = #{id}
    </delete>

    <!-- 根据ID查询仓库：适配warehouse_dict表 -->
    <select id="selectById" parameterType="java.lang.Long" resultMap="BaseResultMap">
        SELECT * FROM warehouse_dict WHERE id = #{id}
    </select>

    <!-- 根据仓库名称查询仓库：适配warehouse_dict表 -->
    <select id="selectByWarehouseName" parameterType="java.lang.String" resultMap="BaseResultMap">
        SELECT * FROM warehouse_dict WHERE warehouse_name = #{warehouseName}
    </select>

    <!-- 分页查询仓库列表：适配warehouse_dict表 -->
    <select id="selectPage" parameterType="com.kingso.ecommerce.module.warehouse.dto.WarehouseQueryDTO" resultMap="BaseResultMap">
        SELECT * FROM warehouse_dict
        <where>
            <if test="warehouseName != null and warehouseName != ''">
                AND warehouse_name LIKE CONCAT('%', #{warehouseName}, '%')
            </if>
            <if test="warehouseType != null and warehouseType != ''">
                AND warehouse_type = #{warehouseType}
            </if>
            <if test="enableStatus != null">
                AND enable_status = #{enableStatus}
            </if>
        </where>
        ORDER BY create_time DESC
        LIMIT #{pageNum}, #{pageSize}
    </select>

    <!-- 查询仓库总数：适配warehouse_dict表 -->
    <select id="selectTotal" parameterType="com.kingso.ecommerce.module.warehouse.dto.WarehouseQueryDTO" resultType="java.lang.Integer">
        SELECT COUNT(*) FROM warehouse_dict
        <where>
            <if test="warehouseName != null and warehouseName != ''">
                AND warehouse_name LIKE CONCAT('%', #{warehouseName}, '%')
            </if>
            <if test="warehouseType != null and warehouseType != ''">
                AND warehouse_type = #{warehouseType}
            </if>
            <if test="enableStatus != null">
                AND enable_status = #{enableStatus}
            </if>
        </where>
    </select>

</mapper>