<?xml version="1.0" encoding="UTF-8"?>
<!DOCTYPE mapper PUBLIC "-//mybatis.org//DTD Mapper 3.0//EN" "http://mybatis.org/dtd/mybatis-3-mapper.dtd">
<mapper namespace="com.kingso.ecommerce.module.express.mapper.ExpressMapper">

    <!-- 通用结果集映射-->
    <resultMap id="ExpressResultMap" type="com.kingso.ecommerce.module.express.entity.Express">
        <id column="id" property="id"/> 
        <result column="express_name" property="expressName"/> <!-- 快递公司名称 -->
        <result column="status" property="status"/> <!-- 状态 -->
    </resultMap>

    <!-- 分页查询快递公司列表 -->
    <select id="selectExpressPage" resultMap="ExpressResultMap">
        SELECT id, express_name, status
        FROM tb_express_dict
        <where>
            <if test="expressName != null and expressName != ''">
                AND express_name LIKE CONCAT('%', #{expressName}, '%')
            </if>
        </where>
        ORDER BY id DESC
        LIMIT #{offset}, #{pageSize}
    </select>

    <!-- 查询快递公司总条数 -->
    <select id="selectExpressTotal" resultType="java.lang.Long">
        SELECT COUNT(*)
        FROM tb_express_dict
        <where>
            <if test="expressName != null and expressName != ''">
                AND express_name LIKE CONCAT('%', #{expressName}, '%')
            </if>
        </where>
    </select>

    <!-- 新增快递公司 -->
    <insert id="insertExpress" parameterType="com.kingso.ecommerce.module.express.dto.ExpressAddDTO">
        INSERT INTO tb_express_dict (
            express_name,
            status
        ) VALUES (
            #{expressName},
            #{status}
        )
    </insert>

    <!-- 编辑快递公司 -->
    <update id="updateExpress" parameterType="com.kingso.ecommerce.module.express.dto.ExpressUpdateDTO">
        UPDATE tb_express_dict
        <set>
            express_name = #{expressName},
            status = #{status}
        </set>
        WHERE id = #{id}
    </update>

    <!-- 删除快递公司 -->
    <delete id="deleteExpress" parameterType="com.kingso.ecommerce.module.express.dto.ExpressDeleteDTO">
        DELETE FROM tb_express_dict WHERE id = #{id}
    </delete>

    <!-- 根据ID查询快递公司 -->
    <select id="selectExpressById" resultMap="ExpressResultMap">
        SELECT id, express_name, status
        FROM tb_express_dict
        WHERE id = #{id}
    </select>

</mapper>

