<?xml version="1.0" encoding="UTF-8" ?>
<!DOCTYPE mapper
        PUBLIC "-//mybatis.org//DTD Mapper 3.0//EN"
        "http://mybatis.org/dtd/mybatis-3-mapper.dtd">

<mapper namespace="com.kingso.ecommerce.module.cart.mapper.CartMapper">

    <!-- 购物车结果映射 -->
    <resultMap id="CartResultMap" type="com.kingso.ecommerce.module.cart.entity.Cart">
        <id column="id" property="id" />
        <result column="user_id" property="userId" />
        <result column="goods_id" property="goodsId" />
        <result column="goods_name" property="goodsName" />
        <result column="goods_img" property="goodsImg" />
        <result column="num" property="num" />
        <result column="create_time" property="createTime" />
        <result column="update_time" property="updateTime" />
        <result column="goods_price" property="goodsPrice" />
        <result column="warehouse_id" property="warehouseId" />
        <result column="stock_num" property="stockNum" />
    </resultMap>

    <!-- 新增购物车（存在则更新数量） -->
    <insert id="addCart" parameterType="com.kingso.ecommerce.module.cart.dto.CartAddDTO">
        INSERT INTO tb_cart (user_id, goods_id, goods_name, goods_img, num, goods_price, warehouse_id, create_time, update_time)
        VALUES (#{userId}, #{goodsId}, #{goodsName}, #{goodsImg}, #{num}, #{goodsPrice}, #{warehouseId}, NOW(), NOW())
        ON DUPLICATE KEY UPDATE
        num = num + #{num},
        goods_name = #{goodsName},
        goods_img = #{goodsImg},
        goods_price = #{goodsPrice},
        warehouse_id = #{warehouseId},
        update_time = NOW()
    </insert>
    
    <!-- 根据用户ID查询购物车列表（关联库存表获取库存数量） -->
    <select id="getCartListByUserId" parameterType="java.lang.Long" resultMap="CartResultMap">
        SELECT 
            c.id, 
            c.user_id, 
            c.goods_id, 
            c.goods_name, 
            c.goods_img, 
            c.num, 
            c.goods_price, 
            c.warehouse_id, 
            c.create_time, 
            c.update_time,
            s.stock_num
        FROM tb_cart c
        LEFT JOIN tb_stock s ON c.goods_id = s.goods_id AND c.warehouse_id = s.warehouse_id
        WHERE c.user_id = #{userId}
    </select>

    <!-- 更新购物车数量 -->
    <update id="updateCartNum" parameterType="com.kingso.ecommerce.module.cart.dto.CartUpdateDTO">
        UPDATE tb_cart
        SET num = #{num},
            update_time = NOW()
        WHERE id = #{id} AND user_id = #{userId}
    </update>

    <!-- 删除购物车商品 -->
    <delete id="deleteCart" parameterType="com.kingso.ecommerce.module.cart.dto.CartDeleteDTO">
        DELETE FROM tb_cart
        WHERE id = #{id} AND user_id = #{userId}
    </delete>

</mapper>