<?xml version="1.0" encoding="UTF-8"?>
<!DOCTYPE mapper PUBLIC "-//mybatis.org//DTD Mapper 3.0//EN" "http://mybatis.org/dtd/mybatis-3-mapper.dtd">

<mapper namespace="com.kingso.ecommerce.module.order.mapper.OrderMapper">

    <!-- 通用字段映射（与tb_order表完全对应） -->
    <resultMap id="BaseResultMap" type="com.kingso.ecommerce.module.order.entity.Order">
        <id column="id" property="id"/>
        <result column="order_no" property="orderNo"/>
        <result column="user_id" property="userId"/>
        <result column="total_amount" property="totalAmount"/>
        <result column="receiver_name" property="receiverName"/>
        <result column="receiver_phone" property="receiverPhone"/>
        <result column="receiver_address" property="receiverAddress"/>
        <result column="status" property="status"/>
        <result column="pay_time" property="payTime"/>
        <result column="pay_way" property="payWay"/>
        <result column="receive_time" property="receiveTime"/>
        <result column="cancel_time" property="cancelTime"/>
        <result column="create_time" property="createTime"/>
        <result column="update_time" property="updateTime"/>
        <result column="remark" property="remark"/>
        <result column="express_name" property="expressName"/>
        <result column="express_id" property="expressId"/>
        <result column="express_operator" property="expressOperator"/>
        <result column="express_no" property="expressNo"/>
        <result column="express_remark" property="expressRemark"/>
    </resultMap>

    <!-- 新增订单（获取自增ID） -->
    <insert id="insert" parameterType="com.kingso.ecommerce.module.order.entity.Order"
            useGeneratedKeys="true" keyProperty="id">
        INSERT INTO tb_order (
            order_no, user_id, total_amount, receiver_name, receiver_phone,
            receiver_address, status, remark, express_name, express_id,
            express_operator, express_no, express_remark, create_time, update_time,pay_way
        ) VALUES (
            #{orderNo}, #{userId}, #{totalAmount}, #{receiverName}, #{receiverPhone},
            #{receiverAddress}, #{status}, #{remark}, #{expressName}, #{expressId},
            #{expressOperator}, #{expressNo}, #{expressRemark}, NOW(), NOW(), #{payWay}
        )
    </insert>

    <!-- 更新订单（动态更新非空字段） -->
    <update id="updateById" parameterType="com.kingso.ecommerce.module.order.entity.Order">
        UPDATE tb_order
        <set>
            <if test="orderNo != null">order_no = #{orderNo},</if>
            <if test="userId != null">user_id = #{userId},</if>
            <if test="totalAmount != null">total_amount = #{totalAmount},</if>
            <if test="receiverName != null">receiver_name = #{receiverName},</if>
            <if test="receiverPhone != null">receiver_phone = #{receiverPhone},</if>
            <if test="receiverAddress != null">receiver_address = #{receiverAddress},</if>
            <if test="status != null">status = #{status},</if>
            <if test="payTime != null">pay_time = #{payTime},</if>
            <if test="payWay != null">pay_way = #{payWay},</if>
            <if test="receiveTime != null">receive_time = #{receiveTime},</if>
            <if test="cancelTime != null">cancel_time = #{cancelTime},</if>
            <if test="remark != null">remark = #{remark},</if>
            <if test="expressName != null">express_name = #{expressName},</if>
            <if test="expressId != null">express_id = #{expressId},</if>
            <if test="expressOperator != null">express_operator = #{expressOperator},</if>
            <if test="expressNo != null">express_no = #{expressNo},</if>
            <if test="expressRemark != null">express_remark = #{expressRemark},</if>
            update_time = NOW()
        </set>
        WHERE id = #{id}
    </update>

    <!-- 根据ID删除订单 -->
    <delete id="deleteById" parameterType="java.lang.Long">
        DELETE FROM tb_order WHERE id = #{id}
    </delete>

    <!-- 根据ID查询订单 -->
    <select id="selectById" resultMap="BaseResultMap" parameterType="java.lang.Long">
        SELECT * FROM tb_order WHERE id = #{id}
    </select>

    <!-- 根据订单编号查询订单 -->
    <select id="selectByOrderNo" resultMap="BaseResultMap" parameterType="java.lang.String">
        SELECT * FROM tb_order WHERE order_no = #{orderNo}
    </select>

    <!-- 分页查询订单列表（多条件筛选） -->
    <select id="selectPage" resultMap="BaseResultMap" parameterType="com.kingso.ecommerce.module.order.dto.OrderQueryDTO">
        SELECT * FROM tb_order
        <where>
            <if test="orderNo != null and orderNo != ''">
                AND order_no LIKE CONCAT('%', #{orderNo}, '%')
            </if>
            <if test="userId != null and userId > 0">
                AND user_id = #{userId}
            </if>
            <if test="receiverName != null and receiverName != ''">
                AND receiver_name LIKE CONCAT('%', #{receiverName}, '%')
            </if>
            <if test="status != null">
                AND status = #{status}
            </if>
            <if test="minTotalAmount != null">
                AND total_amount &gt;= #{minTotalAmount}
            </if>
            <if test="maxTotalAmount != null">
                AND total_amount &lt;= #{maxTotalAmount}
            </if>
            <if test="startTime != null">
                AND create_time &gt;= #{startTime}
            </if>
            <if test="endTime != null">
                AND create_time &lt;= #{endTime}
            </if>
            </where>
        ORDER BY create_time DESC
        LIMIT #{pageNum}, #{pageSize}
    </select>

    <!-- 查询订单总数（多条件筛选） -->
    <select id="selectTotal" resultType="java.lang.Integer" parameterType="com.kingso.ecommerce.module.order.dto.OrderQueryDTO">
        SELECT COUNT(*) FROM tb_order
        <where>
            <if test="orderNo != null and orderNo != ''">
                AND order_no LIKE CONCAT('%', #{orderNo}, '%')
            </if>
            <if test="userId != null and userId > 0">
                AND user_id = #{userId}
            </if>
            <if test="receiverName != null and receiverName != ''">
                AND receiver_name LIKE CONCAT('%', #{receiverName}, '%')
            </if>
            <if test="status != null">
                AND status = #{status}
            </if>
            <if test="minTotalAmount != null">
                AND total_amount &gt;= #{minTotalAmount}
            </if>
            <if test="maxTotalAmount != null">
                AND total_amount &lt;= #{maxTotalAmount}
            </if>
            <if test="startTime != null">
                AND create_time &gt;= #{startTime}
            </if>
            <if test="endTime != null">
                AND create_time &lt;= #{endTime}
            </if>
        </where>
    </select>
</mapper>