<?xml version="1.0" encoding="UTF-8"?>
<!DOCTYPE mapper PUBLIC "-//mybatis.org//DTD Mapper 3.0//EN" "http://mybatis.org/dtd/mybatis-3-mapper.dtd">

<mapper namespace="com.kingso.ecommerce.module.order.mapper.OrderFrontMapper">

    <!-- 通用字段映射（包含订单主表和明细表字段） -->
    <resultMap id="OrderFrontResultMap" type="com.kingso.ecommerce.module.order.entity.Order">
        <id column="id" property="id"/>
        <result column="order_no" property="orderNo"/>
        <result column="user_id" property="userId"/>
        <result column="total_amount" property="totalAmount"/>
        <result column="receiver_name" property="receiverName"/>
        <result column="receiver_phone" property="receiverPhone"/>
        <result column="receiver_address" property="receiverAddress"/>
        <result column="status" property="status"/>
        <result column="pay_time" property="payTime"/>
        <result column="pay_way" property="payWay"/>
        <result column="receive_time" property="receiveTime"/>
        <result column="cancel_time" property="cancelTime"/>
        <result column="create_time" property="createTime"/>
        <result column="update_time" property="updateTime"/>
        <result column="remark" property="remark"/>
        <result column="express_name" property="expressName"/>
        <result column="express_id" property="expressId"/>
        <result column="express_operator" property="expressOperator"/>
        <result column="express_no" property="expressNo"/>
        <result column="express_remark" property="expressRemark"/>
        <!-- 订单明细字段（来自tb_order_item表） -->
        <result column="goods_id" property="goodsId"/>
        <result column="goods_name" property="goodsName"/>
        <result column="goods_price" property="goodsPrice"/>
        <result column="num" property="num"/>
        <result column="total_price" property="totalPrice"/>
    </resultMap>

    <!-- 分页查询订单列表（关联订单明细表，包含主表信息和明细信息，返回所有明细数据） -->
    <select id="selectPage" resultMap="OrderFrontResultMap" parameterType="com.kingso.ecommerce.module.order.dto.OrderQueryDTO">
        SELECT 
            o.id,
            o.order_no,
            o.user_id,
            o.total_amount,
            o.receiver_name,
            o.receiver_phone,
            o.receiver_address,
            o.status,
            o.pay_time,
            o.pay_way,
            o.receive_time,
            o.cancel_time,
            o.create_time,
            o.update_time,
            o.remark,
            o.express_name,
            o.express_id,
            o.express_operator,
            o.express_no,
            o.express_remark,
            oi.goods_id,
            oi.goods_name,
            oi.goods_price,
            oi.num,
            oi.total_price
        FROM tb_order o
        INNER JOIN tb_order_item oi ON o.id = oi.order_id
        <where>
            <if test="userId != null and userId > 0">
                AND o.user_id = #{userId}
            </if>
            <if test="orderNo != null and orderNo != ''">
                AND o.order_no LIKE CONCAT('%', #{orderNo}, '%')
            </if>
            <if test="receiverName != null and receiverName != ''">
                AND o.receiver_name LIKE CONCAT('%', #{receiverName}, '%')
            </if>
            <if test="status != null">
                AND o.status = #{status}
            </if>
            <if test="minTotalAmount != null">
                AND o.total_amount &gt;= #{minTotalAmount}
            </if>
            <if test="maxTotalAmount != null">
                AND o.total_amount &lt;= #{maxTotalAmount}
            </if>
            <if test="startTime != null">
                AND o.create_time &gt;= #{startTime}
            </if>
            <if test="endTime != null">
                AND o.create_time &lt;= #{endTime}
            </if>
        </where>
        ORDER BY o.create_time DESC, oi.id ASC
        LIMIT #{pageNum}, #{pageSize}
    </select>

    <!-- 查询订单总数（用于分页，统计关联后的记录数） -->
    <select id="selectTotal" resultType="java.lang.Integer" parameterType="com.kingso.ecommerce.module.order.dto.OrderQueryDTO">
        SELECT COUNT(*) FROM tb_order o
        INNER JOIN tb_order_item oi ON o.id = oi.order_id
        <where>
            <if test="userId != null and userId > 0">
                AND o.user_id = #{userId}
            </if>
            <if test="orderNo != null and orderNo != ''">
                AND o.order_no LIKE CONCAT('%', #{orderNo}, '%')
            </if>
            <if test="receiverName != null and receiverName != ''">
                AND o.receiver_name LIKE CONCAT('%', #{receiverName}, '%')
            </if>
            <if test="status != null">
                AND o.status = #{status}
            </if>
            <if test="minTotalAmount != null">
                AND o.total_amount &gt;= #{minTotalAmount}
            </if>
            <if test="maxTotalAmount != null">
                AND o.total_amount &lt;= #{maxTotalAmount}
            </if>
            <if test="startTime != null">
                AND o.create_time &gt;= #{startTime}
            </if>
            <if test="endTime != null">
                AND o.create_time &lt;= #{endTime}
            </if>
        </where>
    </select>

</mapper>

