<?xml version="1.0" encoding="UTF-8"?>
<!DOCTYPE mapper PUBLIC "-//mybatis.org//DTD Mapper 3.0//EN" "http://mybatis.org/dtd/mybatis-3-mapper.dtd">

<mapper namespace="com.kingso.ecommerce.module.order.mapper.OrderItemMapper">

    <!-- 通用字段映射（与tb_order_item表完全对应） -->
    <resultMap id="BaseResultMap" type="com.kingso.ecommerce.module.order.entity.OrderItem">
        <id column="id" property="id"/>
        <result column="order_id" property="orderId"/>
        <result column="goods_id" property="goodsId"/>
        <result column="goods_name" property="goodsName"/>
        <result column="goods_price" property="goodsPrice"/>
        <result column="num" property="num"/>
        <result column="total_price" property="totalPrice"/>
        <result column="warehouse_id" property="warehouseId"/>
    </resultMap>

    <!-- 单个新增订单明细 -->
    <insert id="insert" parameterType="com.kingso.ecommerce.module.order.entity.OrderItem">
        INSERT INTO tb_order_item (
            order_id, goods_id, goods_name, goods_price, num, total_price, warehouse_id
        ) VALUES (
            #{orderId}, #{goodsId}, #{goodsName}, #{goodsPrice}, #{num}, #{totalPrice}, #{warehouseId}
        )
    </insert>

    <!-- 批量新增订单明细 -->
    <insert id="batchInsert" parameterType="java.util.List">
        INSERT INTO tb_order_item (
            order_id, goods_id, goods_name, goods_price, num, total_price, warehouse_id
        ) VALUES
        <foreach collection="list" item="item" separator=",">
            (#{item.orderId}, #{item.goodsId}, #{item.goodsName}, #{item.goodsPrice}, #{item.num}, #{item.totalPrice}, #{item.warehouseId})
        </foreach>
    </insert>

    <!-- 根据订单ID查询明细列表 -->
    <select id="selectByOrderId" resultMap="BaseResultMap" parameterType="java.lang.Long">
        SELECT * FROM tb_order_item WHERE order_id = #{orderId} ORDER BY id ASC
    </select>

    <!-- 根据订单ID批量删除明细 -->
    <delete id="batchDeleteByOrderId" parameterType="java.lang.Long">
        DELETE FROM tb_order_item WHERE order_id = #{orderId}
    </delete>

    <!-- 根据明细ID删除 -->
    <delete id="deleteById" parameterType="java.lang.Long">
        DELETE FROM tb_order_item WHERE id = #{id}
    </delete>
</mapper>