<?xml version="1.0" encoding="UTF-8"?>
<!DOCTYPE mapper PUBLIC "-//mybatis.org//DTD Mapper 3.0//EN" "http://mybatis.org/dtd/mybatis-3-mapper.dtd">
<mapper namespace="com.kingso.ecommerce.module.userAdmin.mapper.UserMapper">

    <!-- 通用结果集映射：补充所有tb_user表字段 -->
    <resultMap id="BaseResultMap" type="com.kingso.ecommerce.module.userAdmin.entity.User">
        <id column="id" property="id"/>
        <result column="username" property="username"/>
        <result column="password" property="password"/>
        <result column="phone" property="phone"/>
        <result column="email" property="email"/>
        <result column="avatar" property="avatar"/>
        <result column="status" property="status"/>
        <result column="create_time" property="createTime"/>
        <result column="update_time" property="updateTime"/>
        <result column="role" property="role"/>
        <!-- 补充Service层所需字段映射 -->
        <result column="nickname" property="nickname"/>
        <result column="user_type" property="userType"/>
        <result column="order_no" property="orderNo"/>
    </resultMap>

    <!-- 新增用户：适配tb_user表，补充新增字段插入 -->
    <insert id="insert" parameterType="com.kingso.ecommerce.module.userAdmin.entity.User">
        INSERT INTO tb_user (
            username,
            password,
            phone,
            email,
            avatar,
            status,
            create_time,
            update_time,
            nickname,
            user_type
        ) VALUES (
            #{username},
            #{password},
            #{phone},
            #{email},
            #{avatar},
            #{status},
            NOW(),
            NOW(),
            #{nickname},
            0  <!-- 默认管理员用户 -->
        )
    </insert>

    <update id="updateById" parameterType="com.kingso.ecommerce.module.userAdmin.entity.User">
        UPDATE tb_user
        <set>
            <if test="username != null">username = #{username},</if>
            <if test="password != null">password = #{password},</if>
            <if test="phone != null">phone = #{phone},</if>
            <if test="email != null">email = #{email},</if>
            <if test="avatar != null">avatar = #{avatar},</if>
            <if test="status != null">status = #{status},</if>
            <if test="nickname != null">nickname = #{nickname},</if>
            <if test="userType != null">user_type = #{userType},</if>
            <if test="orderNo != null">order_no = #{orderNo},</if>
            update_time = NOW()
        </set>
        WHERE id = #{id}
    </update>

    <delete id="deleteById" parameterType="java.lang.Long">
        DELETE FROM tb_user WHERE id = #{id} and user_type = 0
    </delete>

    <select id="selectById" parameterType="java.lang.Long" resultMap="BaseResultMap">
        SELECT * FROM tb_user WHERE id = #{id}  and user_type = 0
    </select>

    <select id="selectByUsername" parameterType="java.lang.String" resultMap="BaseResultMap">
        SELECT * FROM tb_user WHERE username = #{username}  and user_type = 0
    </select>

    <select id="selectByPhone" parameterType="java.lang.String" resultMap="BaseResultMap">
        SELECT * FROM tb_user WHERE phone = #{phone}  and user_type = 0
    </select>

    <select id="selectPage" parameterType="com.kingso.ecommerce.module.userAdmin.dto.UserQueryDTO" resultMap="BaseResultMap">
        SELECT * FROM tb_user
        <where>
            <if test="username != null and username != ''">
                AND username LIKE CONCAT('%', #{username}, '%')
            </if>
            <if test="status != null">
                AND status = #{status}
            </if>
                AND user_type = 0
        </where>
        ORDER BY create_time DESC
        LIMIT #{pageNum}, #{pageSize}
    </select>

    <select id="selectTotal" parameterType="com.kingso.ecommerce.module.userAdmin.dto.UserQueryDTO" resultType="java.lang.Integer">
        SELECT COUNT(*) FROM tb_user
        <where>
            <if test="username != null and username != ''">
                AND username LIKE CONCAT('%', #{username}, '%')
            </if>
            <if test="status != null">
                AND status = #{status}
            </if>
                AND user_type = 0
        </where>
    </select>
    <select id="selectUserByUsername"  resultMap="BaseResultMap">
        SELECT
            id, username, password, phone, email, nickname,
            avatar, user_type, order_no, status, role,
            create_time, update_time
        FROM
            tb_user
        WHERE
            username = #{username}  and user_type = #{userType}
    </select>
</mapper>