<?xml version="1.0" encoding="UTF-8"?>
<!DOCTYPE mapper PUBLIC "-//mybatis.org//DTD Mapper 3.0//EN" "http://mybatis.org/dtd/mybatis-3-mapper.dtd">
<mapper namespace="com.kingso.ecommerce.module.procurement.mapper.ProcurementOrderItemMapper">

    <insert id="batchInsert">
    INSERT INTO tb_procurement_order_item (
        procurement_order_id,
        goods_name,
        goods_barcode,
        goods_id, 
        warehouse_area, 
        quantity,
        procurement_amount
    ) VALUES
    <foreach collection="list" item="item" separator=",">
        (
            #{item.procurementOrderId},
            #{item.goodsName},
            #{item.goodsBarcode},
            #{item.goodsId}, 
            #{item.warehouseArea}, 
            #{item.quantity},
            #{item.procurementAmount}
        )
    </foreach>
</insert>

    <!--条码模糊查询（满足参考需求） -->
    <select id="selectByBarcodeLike" parameterType="java.lang.String" resultType="com.kingso.ecommerce.module.procurement.entity.ProcurementOrderItem">
        SELECT * FROM tb_procurement_order_item
        WHERE goods_barcode LIKE CONCAT('%', #{barcode}, '%')
    </select>

    <select id="selectByProcurementOrderId" parameterType="java.lang.Long" resultType="com.kingso.ecommerce.module.procurement.entity.ProcurementOrderItem">
        SELECT * FROM tb_procurement_order_item WHERE procurement_order_id = #{procurementOrderId}
    </select>
    
</mapper>