<?xml version="1.0" encoding="UTF-8"?>
<!DOCTYPE mapper PUBLIC "-//mybatis.org//DTD Mapper 3.0//EN" "http://mybatis.org/dtd/mybatis-3-mapper.dtd">
<mapper namespace="com.kingso.ecommerce.module.procurement.mapper.ProcurementOrderMapper">

    <resultMap id="ProcurementOrderResultMap" type="com.kingso.ecommerce.module.procurement.entity.ProcurementOrder">
        
        <id property="id" column="id" jdbcType="BIGINT"/>
        <result property="procurementNo" column="procurement_no" jdbcType="VARCHAR"/>
        <result property="createTime" column="create_time" jdbcType="TIMESTAMP"/>
        <result property="operatorId" column="operator_id" jdbcType="BIGINT"/>
        <result property="warehouseId" column="warehouse_id" jdbcType="BIGINT"/>
        <result property="customsFileUrl" column="customs_file_url" jdbcType="VARCHAR"/>
        <result property="remark" column="remark" jdbcType="VARCHAR"/>
        <result property="updateTime" column="update_time" jdbcType="TIMESTAMP"/>
        <result property="warehouseName" column="warehouse_name" jdbcType="VARCHAR"/>
    </resultMap>

    <insert id="insert" parameterType="com.kingso.ecommerce.module.procurement.entity.ProcurementOrder" useGeneratedKeys="true" keyProperty="id">
        INSERT INTO tb_procurement_order (
            procurement_no,
            create_time,
            operator_id,
            warehouse_id,
            customs_file_url,
            remark,
            update_time
        ) VALUES (
            #{procurementNo},
            #{createTime},
            #{operatorId},
            #{warehouseId},
            #{customsFileUrl},
            #{remark},
            #{updateTime}
        )
    </insert>

    <!-- selectByProcurementNo -->
    <select id="selectByProcurementNo" parameterType="java.lang.String" resultType="com.kingso.ecommerce.module.procurement.entity.ProcurementOrder">
        SELECT * FROM tb_procurement_order WHERE procurement_no = #{procurementNo}
    </select>

    <select id="selectPage" parameterType="com.kingso.ecommerce.module.procurement.dto.ProcurementOrderQueryDTO" resultMap="ProcurementOrderResultMap">
        SELECT 
            po.*,
            wd.warehouse_name AS warehouse_name
        FROM tb_procurement_order po
        LEFT JOIN warehouse_dict wd 
            ON po.warehouse_id = wd.id
        <where>
            <if test="procurementNo != null and procurementNo != ''">
                AND po.procurement_no LIKE CONCAT('%', #{procurementNo}, '%')
            </if>
            <if test="warehouseId != null and warehouseId > 0">
                AND po.warehouse_id = #{warehouseId}
            </if>
            <if test="startTime != null">
                AND po.create_time &gt;= #{startTime}
            </if>
            <if test="endTime != null">
                AND po.create_time &lt;= #{endTime}
            </if>
        </where>
        ORDER BY po.create_time DESC
        LIMIT #{pageNum}, #{pageSize}
    </select>

    <select id="selectTotal" parameterType="com.kingso.ecommerce.module.procurement.dto.ProcurementOrderQueryDTO" resultType="java.lang.Integer">
        SELECT COUNT(*) FROM tb_procurement_order
        <where>
            <if test="procurementNo != null and procurementNo != ''">
                AND procurement_no LIKE CONCAT('%', #{procurementNo}, '%')
            </if>
            <if test="warehouseId != null and warehouseId > 0">
                AND warehouse_id = #{warehouseId}
            </if>
            <if test="startTime != null">
                AND create_time &gt;= #{startTime}
            </if>
            <if test="endTime != null">
                AND create_time &lt;= #{endTime}
            </if>
        </where>
    </select>

    <select id="selectById" resultMap="ProcurementOrderResultMap">
        SELECT
            po.*,
            w.warehouse_name AS warehouse_name
        FROM
            tb_procurement_order po
        LEFT JOIN
            warehouse_dict w ON po.warehouse_id = w.id
        WHERE
            po.id = #{id}
    </select>
    
</mapper>