<?xml version="1.0" encoding="UTF-8"?>
<!DOCTYPE mapper PUBLIC "-//mybatis.org//DTD Mapper 3.0//EN" "http://mybatis.org/dtd/mybatis-3-mapper.dtd">
<mapper namespace="com.kingso.ecommerce.module.stock.mapper.StockMapper">

    <!-- 基础结果集映射（tb_stock） -->
    <resultMap id="BaseResultMap" type="com.kingso.ecommerce.module.stock.entity.Stock">
        <id column="id" property="id"/>
        <result column="goods_id" property="goodsId"/>
        <result column="stock_num" property="stockNum"/>
        <result column="lock_num" property="lockNum"/>
        <result column="update_time" property="updateTime"/>
        <result column="warehouse_id" property="warehouseId"/>
        <result column="warehouse_area" property="warehouseArea"/>
    </resultMap>

    <!-- 扩展结果集映射（含商品/仓库名称） -->
    <resultMap id="StockDTOResultMap" type="com.kingso.ecommerce.module.stock.dto.StockDTO" extends="BaseResultMap">
        <result column="goods_name" property="goodsName"/>
        <result column="warehouse_name" property="warehouseName"/>
    </resultMap>

    <insert id="insert" parameterType="com.kingso.ecommerce.module.stock.entity.Stock">
        INSERT INTO tb_stock (
            goods_id,
            stock_num,
            lock_num,
            update_time,
            warehouse_id,
            warehouse_area
        ) VALUES (
            #{goodsId},
            #{stockNum},
            #{lockNum},
            NOW(),
            #{warehouseId},
            #{warehouseArea}
        )
    </insert>

    <!-- 根据ID更新库存 -->
    <update id="updateById" parameterType="com.kingso.ecommerce.module.stock.entity.Stock">
        UPDATE tb_stock
        <set>
            <if test="goodsId != null">goods_id = #{goodsId},</if>
            <if test="stockNum != null">stock_num = #{stockNum},</if>
            <if test="lockNum != null">lock_num = #{lockNum},</if>
            update_time = NOW(),
            <if test="warehouseId != null">warehouse_id = #{warehouseId},</if>
            <if test="warehouseArea != null">warehouse_area = #{warehouseArea},</if>
        </set>
        WHERE id = #{id}
    </update>

    <!-- 根据ID删除库存 -->
    <delete id="deleteById" parameterType="java.lang.Long">
        DELETE FROM tb_stock WHERE id = #{id}
    </delete>

    <!-- 根据ID查询库存（基础信息） -->
    <select id="selectById" parameterType="java.lang.Long" resultMap="BaseResultMap">
        SELECT * FROM tb_stock WHERE id = #{id}
    </select>

    <!-- 根据ID查询库存（含商品/仓库名称） -->
    <select id="selectDTOById" parameterType="java.lang.Long" resultMap="StockDTOResultMap">
        SELECT 
            s.*, g.goods_name, w.warehouse_name 
        FROM tb_stock s
        LEFT JOIN tb_goods g ON s.goods_id = g.id
        LEFT JOIN warehouse_dict w ON s.warehouse_id = w.id AND w.enable_status = 1
        WHERE s.id = #{id}
    </select>

    <select id="selectPage" parameterType="map" resultMap="StockDTOResultMap">
        SELECT 
            s.id,s.goods_id,s.warehouse_id,s.warehouse_area,s.update_time,s.stock_num,s.lock_num,
            g.goods_name,g.bar_code, 
            w.warehouse_name
        FROM tb_stock s
        LEFT JOIN tb_goods g ON s.goods_id = g.id
        LEFT JOIN warehouse_dict w ON s.warehouse_id = w.id AND w.enable_status = 1
        <where>
            <if test="goodsName != null and goodsName != ''">
                AND g.goods_name LIKE CONCAT('%', #{goodsName}, '%')
            </if>
            <if test="warehouseName != null and warehouseName != ''">
                AND w.warehouse_name LIKE CONCAT('%', #{warehouseName}, '%')
            </if>
        </where>
        ORDER BY s.update_time DESC
        <if test="offset != null and limit != null">
            LIMIT #{offset}, #{limit}
        </if>
    </select>

    <!-- 查询库存总数（适配分页） -->
    <select id="selectTotal" parameterType="map" resultType="java.lang.Integer">
        SELECT COUNT(*) 
        FROM tb_stock s
        LEFT JOIN tb_goods g ON s.goods_id = g.id
        LEFT JOIN warehouse_dict w ON s.warehouse_id = w.id AND w.enable_status = 1
        <where>
            <if test="goodsName != null and goodsName != ''">
                AND g.goods_name LIKE CONCAT('%', #{goodsName}, '%')
            </if>
            <if test="warehouseName != null and warehouseName != ''">
                AND w.warehouse_name LIKE CONCAT('%', #{warehouseName}, '%')
            </if>
        </where>
    </select>

    <!-- 校验商品是否存在（上架状态） -->
    <select id="checkGoodsExist" parameterType="java.lang.Long" resultType="java.lang.Integer">
        SELECT COUNT(1) FROM tb_goods WHERE id = #{goodsId} AND status = 1
    </select>

    <select id="checkWarehouseEnable" parameterType="java.lang.Long" resultType="java.lang.Integer">
        SELECT COUNT(1) FROM warehouse_dict WHERE id = #{warehouseId} AND enable_status = 1
    </select>

    <select id="checkGoodsStockExist" parameterType="map" resultType="java.lang.Integer">
        SELECT COUNT(1) FROM tb_stock WHERE goods_id = #{goodsId} AND warehouse_id = #{warehouseId}
    </select>

    <select id="selectByGoodsIdAndWarehouseId" resultMap="BaseResultMap">
        SELECT * FROM tb_stock 
        WHERE goods_id = #{goodsId} AND warehouse_id = #{warehouseId}
    </select>

    <update id="updateStockNumByGoodsIdAndWarehouseId" parameterType="map">
        UPDATE tb_stock
        SET stock_num = stock_num + #{increment}, update_time = NOW()
        WHERE goods_id = #{goodsId} AND warehouse_id = #{warehouseId}
    </update>
    <update id="updateInventorybyId" parameterType="map">
        UPDATE tb_stock
        SET stock_num = stock_num + #{changeQuantity}, update_time = NOW()
        WHERE goods_id = #{goodsId} AND warehouse_id = #{warehouseId} 
    </update>
    

</mapper>